rsID,Sources,STUDY,DISEASE/TRAIT,Chromosome,Position,Effect allele,Other allele,Effect weight,Odds ratio,Gene symbol,Ensembl gene ID,Gene description
rs10175798,www.ncbi.nlm.nih.gov/pubmed/30423114;www.ncbi.nlm.nih.gov/pubmed/24390342;www.ncbi.nlm.nih.gov/pubmed/36333501;www.ncbi.nlm.nih.gov/pubmed/36333501,Genetic Influences on Susceptibility to Rheumatoid Arthritis in African-Americans.;Genetics of rheumatoid arthritis contributes to biology and drug discovery.;Multi-ancestry genome-wide association analyses identify novel genetic mechanisms in rheumatoid arthritis.;Multi-ancestry genome-wide association analyses identify novel genetic mechanisms in rheumatoid arthritis.,Rheumatoid arthritis;Rheumatoid arthritis;Rheumatoid arthritis (rheumatoid factor and/or anti-cyclic citrullinated peptide seropositive);Rheumatoid arthritis,2,30226728,G,A,0.0861776962410524,1.09,H3P5 - LBH,,nan
rs10209110,www.ncbi.nlm.nih.gov/pubmed/23143596;www.ncbi.nlm.nih.gov/pubmed/23143596,High-density genetic mapping identifies new susceptibility loci for rheumatoid arthritis.;High-density genetic mapping identifies new susceptibility loci for rheumatoid arthritis.,Rheumatoid arthritis (ACPA-positive);Rheumatoid arthritis,2,100056230,T,C,-0.105360515657826,0.9,AFF3,ENSG00000144218,ALF transcription elongation factor 3 
rs10488631,www.ncbi.nlm.nih.gov/pubmed/20453842,Genome-wide association study meta-analysis identifies seven new rheumatoid arthritis risk loci.,Rheumatoid arthritis,7,128954129,C,T,0.173953307123437,1.19,IRF5 - TNPO3,,nan
rs10774624,www.ncbi.nlm.nih.gov/pubmed/30423114;www.ncbi.nlm.nih.gov/pubmed/24390342;www.ncbi.nlm.nih.gov/pubmed/39789286,Genetic Influences on Susceptibility to Rheumatoid Arthritis in African-Americans.;Genetics of rheumatoid arthritis contributes to biology and drug discovery.;A scalable variational inference approach for increased mixed-model association power.,Rheumatoid arthritis;Rheumatoid arthritis;SCARA5 protein levels,12,111395984,G,A,0.0861776962410524,1.09,LINC02356,ENSG00000257595,long intergenic non-protein coding RNA 2356 
rs10774625,www.ncbi.nlm.nih.gov/pubmed/37377963,Identifying shared genetic loci and common risk genes of rheumatoid arthritis associated with three autoimmune diseases based on large-scale cross-trait genome-wide association studies.,Rheumatoid arthritis or type 1 diabetes,12,111472415,A,G,0.0769610411361284,1.08,ATXN2,ENSG00000204842,ataxin 2 
rs10790268,www.ncbi.nlm.nih.gov/pubmed/30423114;www.ncbi.nlm.nih.gov/pubmed/24390342,Genetic Influences on Susceptibility to Rheumatoid Arthritis in African-Americans.;Genetics of rheumatoid arthritis contributes to biology and drug discovery.,Rheumatoid arthritis;Rheumatoid arthritis,11,118858682,A,G,-0.139262067333507,0.87,Y_RNA - CXCR5,,nan
rs10795791,www.ncbi.nlm.nih.gov/pubmed/23143596;www.ncbi.nlm.nih.gov/pubmed/23143596;www.ncbi.nlm.nih.gov/pubmed/24532676,High-density genetic mapping identifies new susceptibility loci for rheumatoid arthritis.;High-density genetic mapping identifies new susceptibility loci for rheumatoid arthritis.;High-density genotyping of immune loci in Koreans and Europeans identifies eight new rheumatoid arthritis risk loci.,Rheumatoid arthritis (ACPA-positive);Rheumatoid arthritis;Rheumatoid arthritis (ACPA-positive),10,6066377,G,A,0.0861776962410524,1.09,IL2RA - RPL32P23,,nan
rs10985070,www.ncbi.nlm.nih.gov/pubmed/30423114;www.ncbi.nlm.nih.gov/pubmed/24390342;www.ncbi.nlm.nih.gov/pubmed/35470158,Genetic Influences on Susceptibility to Rheumatoid Arthritis in African-Americans.;Genetics of rheumatoid arthritis contributes to biology and drug discovery.;Multiomics analysis of rheumatoid arthritis yields sequence variants that have large effects on risk of the seropositive subset.,Rheumatoid arthritis;Rheumatoid arthritis;Rheumatoid arthritis,9,120873843,C,A,0.0769610411361284,1.08,PHF19,ENSG00000119403,PHD finger protein 19 
rs11089637,www.ncbi.nlm.nih.gov/pubmed/30423114;www.ncbi.nlm.nih.gov/pubmed/24390342;www.ncbi.nlm.nih.gov/pubmed/24532676,Genetic Influences on Susceptibility to Rheumatoid Arthritis in African-Americans.;Genetics of rheumatoid arthritis contributes to biology and drug discovery.;High-density genotyping of immune loci in Koreans and Europeans identifies eight new rheumatoid arthritis risk loci.,Rheumatoid arthritis;Rheumatoid arthritis;Rheumatoid arthritis (ACPA-positive),22,21624807,C,T,0.0769610411361284,1.08,UBE2L3 - YDJC,,nan
rs11203203,www.ncbi.nlm.nih.gov/pubmed/21383967;www.ncbi.nlm.nih.gov/pubmed/20453842,Meta-analysis of genome-wide association studies in celiac disease and rheumatoid arthritis identifies fourteen non-HLA shared loci.;Genome-wide association study meta-analysis identifies seven new rheumatoid arthritis risk loci.,Celiac disease or Rheumatoid arthritis;Rheumatoid arthritis,21,42416077,A,G,0.104360015324242,1.11,UBASH3A,ENSG00000160185,ubiquitin associated and SH3 domain containing A 
rs11571302,www.ncbi.nlm.nih.gov/pubmed/23143596;www.ncbi.nlm.nih.gov/pubmed/23143596;www.ncbi.nlm.nih.gov/pubmed/39789286,High-density genetic mapping identifies new susceptibility loci for rheumatoid arthritis.;High-density genetic mapping identifies new susceptibility loci for rheumatoid arthritis.;A scalable variational inference approach for increased mixed-model association power.,Rheumatoid arthritis (ACPA-positive);Rheumatoid arthritis;RAP1A protein levels,2,203878211,T,G,0.131028262406404,1.14,CTLA4 - ICOS,,nan
rs11574914,www.ncbi.nlm.nih.gov/pubmed/30423114;www.ncbi.nlm.nih.gov/pubmed/24390342;www.ncbi.nlm.nih.gov/pubmed/33310728,"Genetic Influences on Susceptibility to Rheumatoid Arthritis in African-Americans.;Genetics of rheumatoid arthritis contributes to biology and drug discovery.;Large-scale meta-analysis across East Asian and European populations updated genetic architecture and variant-driven biology of rheumatoid arthritis, identifying 11 novel susceptibility loci.",Rheumatoid arthritis;Rheumatoid arthritis;Rheumatoid arthritis,9,34710341,A,G,0.139761942375158,1.15,CCL21 - SPATA31F1,,nan
rs11676922,www.ncbi.nlm.nih.gov/pubmed/24782177;www.ncbi.nlm.nih.gov/pubmed/20453842,Novel risk loci for rheumatoid arthritis in Han Chinese and congruence with risk variants in Europeans.;Genome-wide association study meta-analysis identifies seven new rheumatoid arthritis risk loci.,Rheumatoid arthritis;Rheumatoid arthritis,2,100190478,T,A,0.113328685307003,1.12,AFF3,ENSG00000144218,ALF transcription elongation factor 3 
rs11889341,www.ncbi.nlm.nih.gov/pubmed/30423114;www.ncbi.nlm.nih.gov/pubmed/24390342;www.ncbi.nlm.nih.gov/pubmed/32723749;www.ncbi.nlm.nih.gov/pubmed/33686288;www.ncbi.nlm.nih.gov/pubmed/35470158;www.ncbi.nlm.nih.gov/pubmed/35470158;www.ncbi.nlm.nih.gov/pubmed/33310728;www.ncbi.nlm.nih.gov/pubmed/33106285;www.ncbi.nlm.nih.gov/pubmed/36333501;www.ncbi.nlm.nih.gov/pubmed/36333501;www.ncbi.nlm.nih.gov/pubmed/34594039,"Genetic Influences on Susceptibility to Rheumatoid Arthritis in African-Americans.;Genetics of rheumatoid arthritis contributes to biology and drug discovery.;Genome-wide association study in a Korean population identifies six novel susceptibility loci for rheumatoid arthritis.;Identifying loci with different allele frequencies among cases of eight psychiatric disorders using CC-GWAS.;Multiomics analysis of rheumatoid arthritis yields sequence variants that have large effects on risk of the seropositive subset.;Multiomics analysis of rheumatoid arthritis yields sequence variants that have large effects on risk of the seropositive subset.;Large-scale meta-analysis across East Asian and European populations updated genetic architecture and variant-driven biology of rheumatoid arthritis, identifying 11 novel susceptibility loci.;Combined genetic analysis of juvenile idiopathic arthritis clinical subtypes identifies novel risk loci, target genes and key regulatory mechanisms.;Multi-ancestry genome-wide association analyses identify novel genetic mechanisms in rheumatoid arthritis.;Multi-ancestry genome-wide association analyses identify novel genetic mechanisms in rheumatoid arthritis.;A cross-population atlas of genetic associations for 220 human phenotypes.",Rheumatoid arthritis;Rheumatoid arthritis;Rheumatoid arthritis;Ulcerative colitis vs rheumatoid arthritis (ordinary least squares (OLS));Rheumatoid arthritis (rheumatoid factor and/or anti-cyclic citrullinated peptide seropositive);Rheumatoid arthritis (rheumatoid factor and anti-cyclic citrullinated peptide seronegative);Rheumatoid arthritis;Arthritis (juvenile idiopathic);Rheumatoid arthritis;Rheumatoid arthritis (rheumatoid factor and/or anti-cyclic citrullinated peptide seropositive);Rheumatoid arthritis,2,191079016,T,C,0.131028262406404,1.14,STAT4,ENSG00000138378,signal transducer and activator of transcription 4 
rs11933540,www.ncbi.nlm.nih.gov/pubmed/30423114;www.ncbi.nlm.nih.gov/pubmed/24390342,Genetic Influences on Susceptibility to Rheumatoid Arthritis in African-Americans.;Genetics of rheumatoid arthritis contributes to biology and drug discovery.,Rheumatoid arthritis;Rheumatoid arthritis,4,26118379,C,T,0.139761942375158,1.15,LINC02357 - RBPJ,,nan
rs12140275,www.ncbi.nlm.nih.gov/pubmed/30423114;www.ncbi.nlm.nih.gov/pubmed/24390342,Genetic Influences on Susceptibility to Rheumatoid Arthritis in African-Americans.;Genetics of rheumatoid arthritis contributes to biology and drug discovery.,Rheumatoid arthritis;Rheumatoid arthritis,1,38168207,T,A,-0.116533816255951,0.89,LINC02786 - LINC01343,,nan
rs12413578,www.ncbi.nlm.nih.gov/pubmed/30423114;www.ncbi.nlm.nih.gov/pubmed/24390342,Genetic Influences on Susceptibility to Rheumatoid Arthritis in African-Americans.;Genetics of rheumatoid arthritis contributes to biology and drug discovery.,Rheumatoid arthritis;Rheumatoid arthritis,10,9007290,T,C,0.182321556793954,1.2,LINC02676 - LINC00709,,nan
rs12764378,www.ncbi.nlm.nih.gov/pubmed/23143596;www.ncbi.nlm.nih.gov/pubmed/23143596;www.ncbi.nlm.nih.gov/pubmed/24532676,High-density genetic mapping identifies new susceptibility loci for rheumatoid arthritis.;High-density genetic mapping identifies new susceptibility loci for rheumatoid arthritis.;High-density genotyping of immune loci in Koreans and Europeans identifies eight new rheumatoid arthritis risk loci.,Rheumatoid arthritis (ACPA-positive);Rheumatoid arthritis;Rheumatoid arthritis (ACPA-positive),10,62040245,A,G,0.131028262406404,1.14,ARID5B,ENSG00000150347,AT-rich interaction domain 5B 
rs13119723,www.ncbi.nlm.nih.gov/pubmed/20453842,Genome-wide association study meta-analysis identifies seven new rheumatoid arthritis risk loci.,Rheumatoid arthritis,4,122297158,G,A,-0.116533816255951,0.89,BLTP1,ENSG00000138688,bridge-like lipid transfer protein family member 1 
rs13142500,www.ncbi.nlm.nih.gov/pubmed/30423114;www.ncbi.nlm.nih.gov/pubmed/24390342,Genetic Influences on Susceptibility to Rheumatoid Arthritis in African-Americans.;Genetics of rheumatoid arthritis contributes to biology and drug discovery.,Rheumatoid arthritis;Rheumatoid arthritis,4,10725733,C,T,0.0953101798043249,1.1,LINC02498,ENSG00000283083,long intergenic non-protein coding RNA 2498 
rs13315591,www.ncbi.nlm.nih.gov/pubmed/20453842,Genome-wide association study meta-analysis identifies seven new rheumatoid arthritis risk loci.,Rheumatoid arthritis,3,58571114,C,T,0.25464221837358,1.29,FAM107A,ENSG00000168309,family with sequence similarity 107 member A 
rs13330176,www.ncbi.nlm.nih.gov/pubmed/23143596;www.ncbi.nlm.nih.gov/pubmed/23143596;www.ncbi.nlm.nih.gov/pubmed/30423114;www.ncbi.nlm.nih.gov/pubmed/24390342;www.ncbi.nlm.nih.gov/pubmed/24532676,High-density genetic mapping identifies new susceptibility loci for rheumatoid arthritis.;High-density genetic mapping identifies new susceptibility loci for rheumatoid arthritis.;Genetic Influences on Susceptibility to Rheumatoid Arthritis in African-Americans.;Genetics of rheumatoid arthritis contributes to biology and drug discovery.;High-density genotyping of immune loci in Koreans and Europeans identifies eight new rheumatoid arthritis risk loci.,Rheumatoid arthritis (ACPA-positive);Rheumatoid arthritis;Rheumatoid arthritis;Rheumatoid arthritis;Rheumatoid arthritis (ACPA-positive),16,85985481,T,A,0.113328685307003,1.12,LINC02132 - LINC01082,,nan
rs13426947,www.ncbi.nlm.nih.gov/pubmed/23143596;www.ncbi.nlm.nih.gov/pubmed/23143596;www.ncbi.nlm.nih.gov/pubmed/24532676,High-density genetic mapping identifies new susceptibility loci for rheumatoid arthritis.;High-density genetic mapping identifies new susceptibility loci for rheumatoid arthritis.;High-density genotyping of immune loci in Koreans and Europeans identifies eight new rheumatoid arthritis risk loci.,Rheumatoid arthritis;Rheumatoid arthritis (ACPA-positive);Rheumatoid arthritis (ACPA-positive),2,191068528,A,G,0.139761942375158,1.15,STAT4,ENSG00000138378,signal transducer and activator of transcription 4 
rs138193887,www.ncbi.nlm.nih.gov/pubmed/30423114,Genetic Influences on Susceptibility to Rheumatoid Arthritis in African-Americans.,Rheumatoid arthritis,11,108096623,G,A,0.190620359608649,1.21,CUL5,ENSG00000166266,cullin 5 
rs147622113,www.ncbi.nlm.nih.gov/pubmed/30423114,Genetic influences on susceptibility to rheumatoid arthritis in African-Americans,Rheumatoid arthriti,19,159176563,T,C,0.385262400790644,1.47,ILF3,ENSG00000129351,interleukin enhancer binding factor 3
rs1516971,www.ncbi.nlm.nih.gov/pubmed/30423114;www.ncbi.nlm.nih.gov/pubmed/24390342,Genetic Influences on Susceptibility to Rheumatoid Arthritis in African-Americans.;Genetics of rheumatoid arthritis contributes to biology and drug discovery.,Rheumatoid arthritis;Rheumatoid arthritis,8,128529854,C,T,0.113328685307003,1.12,LINC00824,ENSG00000254275,long intergenic non-protein coding RNA 824 
rs1571878,www.ncbi.nlm.nih.gov/pubmed/23143596;www.ncbi.nlm.nih.gov/pubmed/23143596;www.ncbi.nlm.nih.gov/pubmed/30423114;www.ncbi.nlm.nih.gov/pubmed/24390342;www.ncbi.nlm.nih.gov/pubmed/24532676;www.ncbi.nlm.nih.gov/pubmed/38368726;www.ncbi.nlm.nih.gov/pubmed/33310728,"High-density genetic mapping identifies new susceptibility loci for rheumatoid arthritis.;High-density genetic mapping identifies new susceptibility loci for rheumatoid arthritis.;Genetic Influences on Susceptibility to Rheumatoid Arthritis in African-Americans.;Genetics of rheumatoid arthritis contributes to biology and drug discovery.;High-density genotyping of immune loci in Koreans and Europeans identifies eight new rheumatoid arthritis risk loci.;Shared genetic architecture between hypothyroidism and rheumatoid arthritis: A large-scale cross-trait analysis.;Large-scale meta-analysis across East Asian and European populations updated genetic architecture and variant-driven biology of rheumatoid arthritis, identifying 11 novel susceptibility loci.",Rheumatoid arthritis (ACPA-positive);Rheumatoid arthritis;Rheumatoid arthritis;Rheumatoid arthritis;Rheumatoid arthritis (ACPA-positive);Hypothyroidism or rheumatoid arthritis (pleiotropy);Rheumatoid arthritis,6,167127354,C,T,0.157003748809664,1.17,CCR6,ENSG00000112486,C-C motif chemokine receptor 6 
rs17264332,www.ncbi.nlm.nih.gov/pubmed/30423114;www.ncbi.nlm.nih.gov/pubmed/26546613,Genetic Influences on Susceptibility to Rheumatoid Arthritis in African-Americans.;Functional implications of disease-specific variants in loci jointly associated with coeliac disease and rheumatoid arthritis.,Rheumatoid arthritis;Celiac disease and Rheumatoid arthritis,6,137684378,G,A,0.182321556793954,1.2,LINC03004,ENSG00000230533,long intergenic non-protein coding RNA 3004 
rs1858037,www.ncbi.nlm.nih.gov/pubmed/30423114;www.ncbi.nlm.nih.gov/pubmed/24390342;www.ncbi.nlm.nih.gov/pubmed/35470158;www.ncbi.nlm.nih.gov/pubmed/33310728,"Genetic Influences on Susceptibility to Rheumatoid Arthritis in African-Americans.;Genetics of rheumatoid arthritis contributes to biology and drug discovery.;Multiomics analysis of rheumatoid arthritis yields sequence variants that have large effects on risk of the seropositive subset.;Large-scale meta-analysis across East Asian and European populations updated genetic architecture and variant-driven biology of rheumatoid arthritis, identifying 11 novel susceptibility loci.",Rheumatoid arthritis;Rheumatoid arthritis;Rheumatoid arthritis (rheumatoid factor and/or anti-cyclic citrullinated peptide seropositive);Rheumatoid arthritis,2,65371166,A,T,0.113328685307003,1.12,SPRED2,ENSG00000198369,sprouty related EVH1 domain containing 2 
rs1877030,www.ncbi.nlm.nih.gov/pubmed/30423114;www.ncbi.nlm.nih.gov/pubmed/24390342,Genetic Influences on Susceptibility to Rheumatoid Arthritis in African-Americans.;Genetics of rheumatoid arthritis contributes to biology and drug discovery.,Rheumatoid arthritis;Rheumatoid arthritis,17,39583908,T,C,0.104360015324242,1.11,CDK12 - NEUROD2,,nan
rs187786174,www.ncbi.nlm.nih.gov/pubmed/30423114,Genetic Influences on Susceptibility to Rheumatoid Arthritis in African-Americans.,Rheumatoid arthritis,1,2592372,A,G,-0.139262067333507,0.87,MMEL1,ENSG00000142606,membrane metalloendopeptidase like 1 
rs1893592,www.ncbi.nlm.nih.gov/pubmed/30423114;www.ncbi.nlm.nih.gov/pubmed/24390342;www.ncbi.nlm.nih.gov/pubmed/26546613;www.ncbi.nlm.nih.gov/pubmed/24532676;www.ncbi.nlm.nih.gov/pubmed/33310728;www.ncbi.nlm.nih.gov/pubmed/36333501;www.ncbi.nlm.nih.gov/pubmed/36333501;www.ncbi.nlm.nih.gov/pubmed/30572963,"Genetic Influences on Susceptibility to Rheumatoid Arthritis in African-Americans.;Genetics of rheumatoid arthritis contributes to biology and drug discovery.;Functional implications of disease-specific variants in loci jointly associated with coeliac disease and rheumatoid arthritis.;High-density genotyping of immune loci in Koreans and Europeans identifies eight new rheumatoid arthritis risk loci.;Large-scale meta-analysis across East Asian and European populations updated genetic architecture and variant-driven biology of rheumatoid arthritis, identifying 11 novel susceptibility loci.;Multi-ancestry genome-wide association analyses identify novel genetic mechanisms in rheumatoid arthritis.;Multi-ancestry genome-wide association analyses identify novel genetic mechanisms in rheumatoid arthritis.;Meta-analysis of Immunochip data of four autoimmune diseases reveals novel single-disease and cross-phenotype associations.",Rheumatoid arthritis;Rheumatoid arthritis;Celiac disease and Rheumatoid arthritis;Rheumatoid arthritis (ACPA-positive);Rheumatoid arthritis;Rheumatoid arthritis;Rheumatoid arthritis (rheumatoid factor and/or anti-cyclic citrullinated peptide seropositive);Autoimmune traits (pleiotropy),21,42434957,C,A,0.104360015324242,1.11,UBASH3A,ENSG00000160185,ubiquitin associated and SH3 domain containing A 
rs1950897,www.ncbi.nlm.nih.gov/pubmed/30423114;www.ncbi.nlm.nih.gov/pubmed/24390342;www.ncbi.nlm.nih.gov/pubmed/35470158;www.ncbi.nlm.nih.gov/pubmed/33310728,"Genetic Influences on Susceptibility to Rheumatoid Arthritis in African-Americans.;Genetics of rheumatoid arthritis contributes to biology and drug discovery.;Multiomics analysis of rheumatoid arthritis yields sequence variants that have large effects on risk of the seropositive subset.;Large-scale meta-analysis across East Asian and European populations updated genetic architecture and variant-driven biology of rheumatoid arthritis, identifying 11 novel susceptibility loci.",Rheumatoid arthritis;Rheumatoid arthritis;Rheumatoid arthritis (rheumatoid factor and/or anti-cyclic citrullinated peptide seropositive);Rheumatoid arthritis,14,68293424,C,T,0.0953101798043249,1.1,RAD51B,ENSG00000182185,RAD51 paralog B 
rs1980422,www.ncbi.nlm.nih.gov/pubmed/23143596;www.ncbi.nlm.nih.gov/pubmed/23143596;www.ncbi.nlm.nih.gov/pubmed/30423114;www.ncbi.nlm.nih.gov/pubmed/24390342;www.ncbi.nlm.nih.gov/pubmed/26546613;www.ncbi.nlm.nih.gov/pubmed/36333501,High-density genetic mapping identifies new susceptibility loci for rheumatoid arthritis.;High-density genetic mapping identifies new susceptibility loci for rheumatoid arthritis.;Genetic Influences on Susceptibility to Rheumatoid Arthritis in African-Americans.;Genetics of rheumatoid arthritis contributes to biology and drug discovery.;Functional implications of disease-specific variants in loci jointly associated with coeliac disease and rheumatoid arthritis.;Multi-ancestry genome-wide association analyses identify novel genetic mechanisms in rheumatoid arthritis.,Rheumatoid arthritis;Rheumatoid arthritis (ACPA-positive);Rheumatoid arthritis;Rheumatoid arthritis;Celiac disease and Rheumatoid arthritis;Rheumatoid arthritis,2,203745673,C,T,0.113328685307003,1.12,CD28 - KRT18P39,,nan
rs2104286,www.ncbi.nlm.nih.gov/pubmed/24449572;www.ncbi.nlm.nih.gov/pubmed/38565889,Novel rheumatoid arthritis susceptibility locus at 22q12 identified in an extended UK genome-wide association study.;Genetic determinants of plasma protein levels in the Estonian population.,Rheumatoid arthritis;IL2RA protein levels,10,6057082,C,T,-0.261364764134407,0.77,IL2RA,ENSG00000134460,interleukin 2 receptor subunit alpha 
rs2105325,www.ncbi.nlm.nih.gov/pubmed/30423114;www.ncbi.nlm.nih.gov/pubmed/24390342,Genetic Influences on Susceptibility to Rheumatoid Arthritis in African-Americans.;Genetics of rheumatoid arthritis contributes to biology and drug discovery.,Rheumatoid arthritis;Rheumatoid arthritis,1,173380586,A,C,0.104360015324242,1.11,TNFSF4,ENSG00000117586,TNF superfamily member 4 
rs2228145,www.ncbi.nlm.nih.gov/pubmed/30423114;www.ncbi.nlm.nih.gov/pubmed/24390342;www.ncbi.nlm.nih.gov/pubmed/24532676,Genetic Influences on Susceptibility to Rheumatoid Arthritis in African-Americans.;Genetics of rheumatoid arthritis contributes to biology and drug discovery.;High-density genotyping of immune loci in Koreans and Europeans identifies eight new rheumatoid arthritis risk loci.,Rheumatoid arthritis;Rheumatoid arthritis;Rheumatoid arthritis (ACPA-positive),1,154454494,C,A,0.0769610411361284,1.08,IL6R,ENSG00000160712,interleukin 6 receptor 
rs2233424,www.ncbi.nlm.nih.gov/pubmed/30423114;www.ncbi.nlm.nih.gov/pubmed/24390342;www.ncbi.nlm.nih.gov/pubmed/33310728,"Genetic Influences on Susceptibility to Rheumatoid Arthritis in African-Americans.;Genetics of rheumatoid arthritis contributes to biology and drug discovery.;Large-scale meta-analysis across East Asian and European populations updated genetic architecture and variant-driven biology of rheumatoid arthritis, identifying 11 novel susceptibility loci.",Rheumatoid arthritis;Rheumatoid arthritis;Rheumatoid arthritis,6,44266184,T,C,0.231111720963386,1.26,NFKBIE - TMEM151B,,nan
rs2234067,www.ncbi.nlm.nih.gov/pubmed/30423114,Genetic Influences on Susceptibility to Rheumatoid Arthritis in African-Americans.,Rheumatoid arthritis,6,36387877,A,C,0.139761942375158,1.15,ETV7-AS1,ENSG00000224666,ETV7 and PTX1 antisense RNA 1 
rs2240336,www.ncbi.nlm.nih.gov/pubmed/23143596;www.ncbi.nlm.nih.gov/pubmed/23143596,High-density genetic mapping identifies new susceptibility loci for rheumatoid arthritis.;High-density genetic mapping identifies new susceptibility loci for rheumatoid arthritis.,Rheumatoid arthritis;Rheumatoid arthritis (ACPA-positive),1,17347907,T,C,-0.127833371509884,0.88,PADI4,ENSG00000159339,peptidyl arginine deiminase 4 
rs2275806,www.ncbi.nlm.nih.gov/pubmed/32831971,Investigating the GWAS-Implicated Loci for Rheumatoid Arthritis in the Pakistani Population,nan,10,153924366,G,A,0.104360015324242,1.11,GATA3,ENSG00000107485,GATA binding protein 3
rs2301888,www.ncbi.nlm.nih.gov/pubmed/30423114;www.ncbi.nlm.nih.gov/pubmed/24390342;www.ncbi.nlm.nih.gov/pubmed/24532676;www.ncbi.nlm.nih.gov/pubmed/33310728,"Genetic Influences on Susceptibility to Rheumatoid Arthritis in African-Americans.;Genetics of rheumatoid arthritis contributes to biology and drug discovery.;High-density genotyping of immune loci in Koreans and Europeans identifies eight new rheumatoid arthritis risk loci.;Large-scale meta-analysis across East Asian and European populations updated genetic architecture and variant-driven biology of rheumatoid arthritis, identifying 11 novel susceptibility loci.",Rheumatoid arthritis;Rheumatoid arthritis;Rheumatoid arthritis (ACPA-positive);Rheumatoid arthritis,1,17346235,A,G,0.122217632724249,1.13,PADI4,ENSG00000159339,peptidyl arginine deiminase 4 
rs2451258,www.ncbi.nlm.nih.gov/pubmed/30423114;www.ncbi.nlm.nih.gov/pubmed/30423114;www.ncbi.nlm.nih.gov/pubmed/24390342;www.ncbi.nlm.nih.gov/pubmed/24390342;www.ncbi.nlm.nih.gov/pubmed/35470158;www.ncbi.nlm.nih.gov/pubmed/35470158,Genetic Influences on Susceptibility to Rheumatoid Arthritis in African-Americans.;Genetic Influences on Susceptibility to Rheumatoid Arthritis in African-Americans.;Genetics of rheumatoid arthritis contributes to biology and drug discovery.;Genetics of rheumatoid arthritis contributes to biology and drug discovery.;Multiomics analysis of rheumatoid arthritis yields sequence variants that have large effects on risk of the seropositive subset.;Multiomics analysis of rheumatoid arthritis yields sequence variants that have large effects on risk of the seropositive subset.,Rheumatoid arthritis;Rheumatoid arthritis;Rheumatoid arthritis;Rheumatoid arthritis;Rheumatoid arthritis (rheumatoid factor and/or anti-cyclic citrullinated peptide seropositive);Rheumatoid arthritis (rheumatoid factor and/or anti-cyclic citrullinated peptide seropositive),6,159085568,C,T,0.104360015324242,1.11,"TAGAP-AS1, TAGAP",ENSG00000271913,TAGAP antisense RNA 1 
rs2469434,www.ncbi.nlm.nih.gov/pubmed/30423114;www.ncbi.nlm.nih.gov/pubmed/24390342,Genetic Influences on Susceptibility to Rheumatoid Arthritis in African-Americans.;Genetics of rheumatoid arthritis contributes to biology and drug discovery.,Rheumatoid arthritis;Rheumatoid arthritis,18,69876810,C,T,0.0582689081239758,1.06,CD226,ENSG00000150637,CD226 molecule 
rs2476601,www.ncbi.nlm.nih.gov/pubmed/23143596;www.ncbi.nlm.nih.gov/pubmed/23143596;www.ncbi.nlm.nih.gov/pubmed/23143596;www.ncbi.nlm.nih.gov/pubmed/23143596;www.ncbi.nlm.nih.gov/pubmed/27193031;www.ncbi.nlm.nih.gov/pubmed/27193031;www.ncbi.nlm.nih.gov/pubmed/30423114;www.ncbi.nlm.nih.gov/pubmed/30423114;www.ncbi.nlm.nih.gov/pubmed/17804836;www.ncbi.nlm.nih.gov/pubmed/17804836;www.ncbi.nlm.nih.gov/pubmed/19503088;www.ncbi.nlm.nih.gov/pubmed/19503088;www.ncbi.nlm.nih.gov/pubmed/24449572;www.ncbi.nlm.nih.gov/pubmed/24449572;www.ncbi.nlm.nih.gov/pubmed/24390342;www.ncbi.nlm.nih.gov/pubmed/24390342;www.ncbi.nlm.nih.gov/pubmed/24532676;www.ncbi.nlm.nih.gov/pubmed/24532676;www.ncbi.nlm.nih.gov/pubmed/30595370;www.ncbi.nlm.nih.gov/pubmed/30595370;www.ncbi.nlm.nih.gov/pubmed/21156761;www.ncbi.nlm.nih.gov/pubmed/21156761;www.ncbi.nlm.nih.gov/pubmed/30573655;www.ncbi.nlm.nih.gov/pubmed/30573655;www.ncbi.nlm.nih.gov/pubmed/33686288;www.ncbi.nlm.nih.gov/pubmed/33686288;www.ncbi.nlm.nih.gov/pubmed/35470158;www.ncbi.nlm.nih.gov/pubmed/35470158;www.ncbi.nlm.nih.gov/pubmed/35470158;www.ncbi.nlm.nih.gov/pubmed/35470158;www.ncbi.nlm.nih.gov/pubmed/35470158;www.ncbi.nlm.nih.gov/pubmed/35470158;www.ncbi.nlm.nih.gov/pubmed/39024449;www.ncbi.nlm.nih.gov/pubmed/39024449;www.ncbi.nlm.nih.gov/pubmed/39024449;www.ncbi.nlm.nih.gov/pubmed/39024449;www.ncbi.nlm.nih.gov/pubmed/30891314;www.ncbi.nlm.nih.gov/pubmed/30891314;www.ncbi.nlm.nih.gov/pubmed/30572963;www.ncbi.nlm.nih.gov/pubmed/30572963;www.ncbi.nlm.nih.gov/pubmed/36333501;www.ncbi.nlm.nih.gov/pubmed/36333501;www.ncbi.nlm.nih.gov/pubmed/36333501;www.ncbi.nlm.nih.gov/pubmed/36333501;www.ncbi.nlm.nih.gov/pubmed/34594039;www.ncbi.nlm.nih.gov/pubmed/34594039;www.ncbi.nlm.nih.gov/pubmed/20453842;www.ncbi.nlm.nih.gov/pubmed/20453842;www.ncbi.nlm.nih.gov/pubmed/30572963;www.ncbi.nlm.nih.gov/pubmed/30572963;www.ncbi.nlm.nih.gov/pubmed/37002690;www.ncbi.nlm.nih.gov/pubmed/37002690,"High-density genetic mapping identifies new susceptibility loci for rheumatoid arthritis.;High-density genetic mapping identifies new susceptibility loci for rheumatoid arthritis.;High-density genetic mapping identifies new susceptibility loci for rheumatoid arthritis.;High-density genetic mapping identifies new susceptibility loci for rheumatoid arthritis.;A combined large-scale meta-analysis identifies COG6 as a novel shared risk locus for rheumatoid arthritis and systemic lupus erythematosus.;A combined large-scale meta-analysis identifies COG6 as a novel shared risk locus for rheumatoid arthritis and systemic lupus erythematosus.;Genetic Influences on Susceptibility to Rheumatoid Arthritis in African-Americans.;Genetic Influences on Susceptibility to Rheumatoid Arthritis in African-Americans.;TRAF1-C5 as a risk locus for rheumatoid arthritis--a genomewide study.;TRAF1-C5 as a risk locus for rheumatoid arthritis--a genomewide study.;REL, encoding a member of the NF-kappaB family of transcription factors, is a newly defined risk locus for rheumatoid arthritis.;REL, encoding a member of the NF-kappaB family of transcription factors, is a newly defined risk locus for rheumatoid arthritis.;Novel rheumatoid arthritis susceptibility locus at 22q12 identified in an extended UK genome-wide association study.;Novel rheumatoid arthritis susceptibility locus at 22q12 identified in an extended UK genome-wide association study.;Genetics of rheumatoid arthritis contributes to biology and drug discovery.;Genetics of rheumatoid arthritis contributes to biology and drug discovery.;High-density genotyping of immune loci in Koreans and Europeans identifies eight new rheumatoid arthritis risk loci.;High-density genotyping of immune loci in Koreans and Europeans identifies eight new rheumatoid arthritis risk loci.;Leveraging Polygenic Functional Enrichment to Improve GWAS Power.;Leveraging Polygenic Functional Enrichment to Improve GWAS Power.;A genome-wide association study suggests contrasting associations in ACPA-positive versus ACPA-negative rheumatoid arthritis.;A genome-wide association study suggests contrasting associations in ACPA-positive versus ACPA-negative rheumatoid arthritis.;Genome-wide meta-analysis reveals shared new loci in systemic seropositive rheumatic diseases.;Genome-wide meta-analysis reveals shared new loci in systemic seropositive rheumatic diseases.;Identifying loci with different allele frequencies among cases of eight psychiatric disorders using CC-GWAS.;Identifying loci with different allele frequencies among cases of eight psychiatric disorders using CC-GWAS.;Multiomics analysis of rheumatoid arthritis yields sequence variants that have large effects on risk of the seropositive subset.;Multiomics analysis of rheumatoid arthritis yields sequence variants that have large effects on risk of the seropositive subset.;Multiomics analysis of rheumatoid arthritis yields sequence variants that have large effects on risk of the seropositive subset.;Multiomics analysis of rheumatoid arthritis yields sequence variants that have large effects on risk of the seropositive subset.;Multiomics analysis of rheumatoid arthritis yields sequence variants that have large effects on risk of the seropositive subset.;Multiomics analysis of rheumatoid arthritis yields sequence variants that have large effects on risk of the seropositive subset.;Diversity and scale: Genetic architecture of 2068 traits in the VA Million Veteran Program.;Diversity and scale: Genetic architecture of 2068 traits in the VA Million Veteran Program.;Diversity and scale: Genetic architecture of 2068 traits in the VA Million Veteran Program.;Diversity and scale: Genetic architecture of 2068 traits in the VA Million Veteran Program.;Studying the effects of haplotype partitioning methods on the RA-associated genomic results from the North American Rheumatoid Arthritis Consortium (NARAC) dataset.;Studying the effects of haplotype partitioning methods on the RA-associated genomic results from the North American Rheumatoid Arthritis Consortium (NARAC) dataset.;Meta-analysis of Immunochip data of four autoimmune diseases reveals novel single-disease and cross-phenotype associations.;Meta-analysis of Immunochip data of four autoimmune diseases reveals novel single-disease and cross-phenotype associations.;Multi-ancestry genome-wide association analyses identify novel genetic mechanisms in rheumatoid arthritis.;Multi-ancestry genome-wide association analyses identify novel genetic mechanisms in rheumatoid arthritis.;Multi-ancestry genome-wide association analyses identify novel genetic mechanisms in rheumatoid arthritis.;Multi-ancestry genome-wide association analyses identify novel genetic mechanisms in rheumatoid arthritis.;A cross-population atlas of genetic associations for 220 human phenotypes.;A cross-population atlas of genetic associations for 220 human phenotypes.;Genome-wide association study meta-analysis identifies seven new rheumatoid arthritis risk loci.;Genome-wide association study meta-analysis identifies seven new rheumatoid arthritis risk loci.;Meta-analysis of Immunochip data of four autoimmune diseases reveals novel single-disease and cross-phenotype associations.;Meta-analysis of Immunochip data of four autoimmune diseases reveals novel single-disease and cross-phenotype associations.;Genetic Associations Between Stress-Related Disorders and Autoimmune Disease.;Genetic Associations Between Stress-Related Disorders and Autoimmune Disease.",Rheumatoid arthritis;Rheumatoid arthritis;Rheumatoid arthritis (ACPA-positive);Rheumatoid arthritis (ACPA-positive);Systemic lupus erythematosus or rheumatoid arthritis;Systemic lupus erythematosus or rheumatoid arthritis;Rheumatoid arthritis;Rheumatoid arthritis;Rheumatoid arthritis;Rheumatoid arthritis;Rheumatoid arthritis;Rheumatoid arthritis;Rheumatoid arthritis;Rheumatoid arthritis;Rheumatoid arthritis;Rheumatoid arthritis;Rheumatoid arthritis (ACPA-positive);Rheumatoid arthritis (ACPA-positive);Autoimmune traits;Autoimmune traits;Rheumatoid arthritis;Rheumatoid arthritis;Systemic seropositive rheumatic diseases (Systemic sclerosis or systemic lupus erythematosus or rheumatoid arthritis or idiopathic inflammatory myopathies);Systemic seropositive rheumatic diseases (Systemic sclerosis or systemic lupus erythematosus or rheumatoid arthritis or idiopathic inflammatory myopathies);Crohn's disease vs rheumatoid arthritis (ordinary least squares (OLS));Crohn's disease vs rheumatoid arthritis (ordinary least squares (OLS));Rheumatoid arthritis (rheumatoid factor and/or anti-cyclic citrullinated peptide seropositive);Rheumatoid arthritis (rheumatoid factor and/or anti-cyclic citrullinated peptide seropositive);Rheumatoid arthritis;Rheumatoid arthritis;Rheumatoid arthritis (rheumatoid factor and anti-cyclic citrullinated peptide seronegative);Rheumatoid arthritis (rheumatoid factor and anti-cyclic citrullinated peptide seronegative);Rheumatoid arthritis and other inflammatory (PheCode 714);Rheumatoid arthritis and other inflammatory (PheCode 714);Rheumatoid arthritis (PheCode 714.1);Rheumatoid arthritis (PheCode 714.1);Rheumatoid arthritis;Rheumatoid arthritis;Rheumatoid arthritis;Rheumatoid arthritis;Rheumatoid arthritis (rheumatoid factor and/or anti-cyclic citrullinated peptide seropositive);Rheumatoid arthritis (rheumatoid factor and/or anti-cyclic citrullinated peptide seropositive);Rheumatoid arthritis;Rheumatoid arthritis;Rheumatoid arthritis;Rheumatoid arthritis;Rheumatoid arthritis;Rheumatoid arthritis;Autoimmune traits (pleiotropy);Autoimmune traits (pleiotropy);Rheumatoid arthritis;Rheumatoid arthritis,1,113834946,A,G,0.593326845277734,1.81,"PTPN22, AP4B1-AS1",ENSG00000134242,protein tyrosine phosphatase non-receptor type 22 
rs2561477,www.ncbi.nlm.nih.gov/pubmed/23143596;www.ncbi.nlm.nih.gov/pubmed/23143596;www.ncbi.nlm.nih.gov/pubmed/30423114;www.ncbi.nlm.nih.gov/pubmed/24390342;www.ncbi.nlm.nih.gov/pubmed/24532676,High-density genetic mapping identifies new susceptibility loci for rheumatoid arthritis.;High-density genetic mapping identifies new susceptibility loci for rheumatoid arthritis.;Genetic Influences on Susceptibility to Rheumatoid Arthritis in African-Americans.;Genetics of rheumatoid arthritis contributes to biology and drug discovery.;High-density genotyping of immune loci in Koreans and Europeans identifies eight new rheumatoid arthritis risk loci.,Rheumatoid arthritis (ACPA-positive);Rheumatoid arthritis;Rheumatoid arthritis;Rheumatoid arthritis;Rheumatoid arthritis (ACPA-positive),5,103273223,A,G,-0.127833371509884,0.88,MACIR,ENSG00000181751,macrophage immunometabolism regulator 
rs2671692,www.ncbi.nlm.nih.gov/pubmed/30423114;www.ncbi.nlm.nih.gov/pubmed/24390342;www.ncbi.nlm.nih.gov/pubmed/30891314,Genetic Influences on Susceptibility to Rheumatoid Arthritis in African-Americans.;Genetics of rheumatoid arthritis contributes to biology and drug discovery.;Studying the effects of haplotype partitioning methods on the RA-associated genomic results from the North American Rheumatoid Arthritis Consortium (NARAC) dataset.,Rheumatoid arthritis;Rheumatoid arthritis;Rheumatoid arthritis,10,48889774,G,A,0.0769610411361284,1.08,WDFY4,ENSG00000128815,WDFY family member 4 
rs2736337,www.ncbi.nlm.nih.gov/pubmed/30423114;www.ncbi.nlm.nih.gov/pubmed/24390342;www.ncbi.nlm.nih.gov/pubmed/30573655,Genetic Influences on Susceptibility to Rheumatoid Arthritis in African-Americans.;Genetics of rheumatoid arthritis contributes to biology and drug discovery.;Genome-wide meta-analysis reveals shared new loci in systemic seropositive rheumatic diseases.,Rheumatoid arthritis;Rheumatoid arthritis;Systemic seropositive rheumatic diseases (Systemic sclerosis or systemic lupus erythematosus or rheumatoid arthritis or idiopathic inflammatory myopathies),8,11484371,C,T,0.104360015324242,1.11,FAM167A - BLK,,nan
rs2834512,www.ncbi.nlm.nih.gov/pubmed/23143596;www.ncbi.nlm.nih.gov/pubmed/23143596;www.ncbi.nlm.nih.gov/pubmed/24532676,High-density genetic mapping identifies new susceptibility loci for rheumatoid arthritis.;High-density genetic mapping identifies new susceptibility loci for rheumatoid arthritis.;High-density genotyping of immune loci in Koreans and Europeans identifies eight new rheumatoid arthritis risk loci.,Rheumatoid arthritis;Rheumatoid arthritis (ACPA-positive);Rheumatoid arthritis (ACPA-positive),21,34539301,A,G,-0.150822889734583,0.86,RCAN1,ENSG00000159200,regulator of calcineurin 1 
rs28411352,www.ncbi.nlm.nih.gov/pubmed/30423114;www.ncbi.nlm.nih.gov/pubmed/24390342;www.ncbi.nlm.nih.gov/pubmed/33310728,"Genetic Influences on Susceptibility to Rheumatoid Arthritis in African-Americans.;Genetics of rheumatoid arthritis contributes to biology and drug discovery.;Large-scale meta-analysis across East Asian and European populations updated genetic architecture and variant-driven biology of rheumatoid arthritis, identifying 11 novel susceptibility loci.",Rheumatoid arthritis;Rheumatoid arthritis;Rheumatoid arthritis,1,37812907,T,C,0.113328685307003,1.12,MTF1,ENSG00000188786,metal regulatory transcription factor 1 
rs2872507,www.ncbi.nlm.nih.gov/pubmed/23143596;www.ncbi.nlm.nih.gov/pubmed/20453842,High-density genetic mapping identifies new susceptibility loci for rheumatoid arthritis.;Genome-wide association study meta-analysis identifies seven new rheumatoid arthritis risk loci.,Rheumatoid arthritis (ACPA-positive);Rheumatoid arthritis,17,39884510,A,G,0.0953101798043249,1.1,ZPBP2 - GSDMB,,nan
rs34536443,www.ncbi.nlm.nih.gov/pubmed/23143596;www.ncbi.nlm.nih.gov/pubmed/23143596;www.ncbi.nlm.nih.gov/pubmed/30423114;www.ncbi.nlm.nih.gov/pubmed/23603761;www.ncbi.nlm.nih.gov/pubmed/26626624;www.ncbi.nlm.nih.gov/pubmed/24390342;www.ncbi.nlm.nih.gov/pubmed/24532676;www.ncbi.nlm.nih.gov/pubmed/30595370;www.ncbi.nlm.nih.gov/pubmed/35470158;www.ncbi.nlm.nih.gov/pubmed/35470158;www.ncbi.nlm.nih.gov/pubmed/35470158;www.ncbi.nlm.nih.gov/pubmed/35507331;www.ncbi.nlm.nih.gov/pubmed/39024449;www.ncbi.nlm.nih.gov/pubmed/33310728;www.ncbi.nlm.nih.gov/pubmed/36333501;www.ncbi.nlm.nih.gov/pubmed/36333501;www.ncbi.nlm.nih.gov/pubmed/34594039;www.ncbi.nlm.nih.gov/pubmed/37947095,"High-density genetic mapping identifies new susceptibility loci for rheumatoid arthritis.;High-density genetic mapping identifies new susceptibility loci for rheumatoid arthritis.;Genetic Influences on Susceptibility to Rheumatoid Arthritis in African-Americans.;Dense genotyping of immune-related disease regions identifies 14 new susceptibility loci for juvenile idiopathic arthritis.;Genome-wide Association Analysis of Psoriatic Arthritis and Cutaneous Psoriasis Reveals Differences in Their Genetic Architecture.;Genetics of rheumatoid arthritis contributes to biology and drug discovery.;High-density genotyping of immune loci in Koreans and Europeans identifies eight new rheumatoid arthritis risk loci.;Leveraging Polygenic Functional Enrichment to Improve GWAS Power.;Multiomics analysis of rheumatoid arthritis yields sequence variants that have large effects on risk of the seropositive subset.;Multiomics analysis of rheumatoid arthritis yields sequence variants that have large effects on risk of the seropositive subset.;Multiomics analysis of rheumatoid arthritis yields sequence variants that have large effects on risk of the seropositive subset.;Comparative genetic analysis of psoriatic arthritis and psoriasis for the discovery of genetic risk factors and risk prediction modelling.;Diversity and scale: Genetic architecture of 2068 traits in the VA Million Veteran Program.;Large-scale meta-analysis across East Asian and European populations updated genetic architecture and variant-driven biology of rheumatoid arthritis, identifying 11 novel susceptibility loci.;Multi-ancestry genome-wide association analyses identify novel genetic mechanisms in rheumatoid arthritis.;Multi-ancestry genome-wide association analyses identify novel genetic mechanisms in rheumatoid arthritis.;A cross-population atlas of genetic associations for 220 human phenotypes.;Genome-Wide Assessment of Shared Genetic Architecture Between Rheumatoid Arthritis and Cardiovascular Diseases.",Rheumatoid arthritis;Rheumatoid arthritis (ACPA-positive);Rheumatoid arthritis;Juvenile idiopathic arthritis (oligoarticular or rheumatoid factor-negative polyarticular);Psoriasis vulgaris;Rheumatoid arthritis;Rheumatoid arthritis (ACPA-positive);Autoimmune traits;Rheumatoid arthritis (rheumatoid factor and/or anti-cyclic citrullinated peptide seropositive);Rheumatoid arthritis;Rheumatoid arthritis (rheumatoid factor and anti-cyclic citrullinated peptide seronegative);Psoriatic arthritis;Rheumatoid arthritis (PheCode 714.1);Rheumatoid arthritis;Rheumatoid arthritis (rheumatoid factor and/or anti-cyclic citrullinated peptide seropositive);Rheumatoid arthritis;Rheumatoid arthritis;Rheumatoid arthritis,19,10352442,C,G,0.378436435720245,1.46,TYK2,ENSG00000105397,tyrosine kinase 2 
rs34695944,www.ncbi.nlm.nih.gov/pubmed/23143596;www.ncbi.nlm.nih.gov/pubmed/23143596;www.ncbi.nlm.nih.gov/pubmed/30423114;www.ncbi.nlm.nih.gov/pubmed/24390342;www.ncbi.nlm.nih.gov/pubmed/24532676,High-density genetic mapping identifies new susceptibility loci for rheumatoid arthritis.;High-density genetic mapping identifies new susceptibility loci for rheumatoid arthritis.;Genetic Influences on Susceptibility to Rheumatoid Arthritis in African-Americans.;Genetics of rheumatoid arthritis contributes to biology and drug discovery.;High-density genotyping of immune loci in Koreans and Europeans identifies eight new rheumatoid arthritis risk loci.,Rheumatoid arthritis;Rheumatoid arthritis (ACPA-positive);Rheumatoid arthritis;Rheumatoid arthritis;Rheumatoid arthritis (ACPA-positive),2,60897715,C,T,0.113328685307003,1.12,REL,ENSG00000162924,"REL proto-oncogene, NF-kB subunit "
rs35677470,www.ncbi.nlm.nih.gov/pubmed/23143596;www.ncbi.nlm.nih.gov/pubmed/23143596;www.ncbi.nlm.nih.gov/pubmed/30573655;www.ncbi.nlm.nih.gov/pubmed/35470158;www.ncbi.nlm.nih.gov/pubmed/30572963;www.ncbi.nlm.nih.gov/pubmed/30572963,High-density genetic mapping identifies new susceptibility loci for rheumatoid arthritis.;High-density genetic mapping identifies new susceptibility loci for rheumatoid arthritis.;Genome-wide meta-analysis reveals shared new loci in systemic seropositive rheumatic diseases.;Multiomics analysis of rheumatoid arthritis yields sequence variants that have large effects on risk of the seropositive subset.;Meta-analysis of Immunochip data of four autoimmune diseases reveals novel single-disease and cross-phenotype associations.;Meta-analysis of Immunochip data of four autoimmune diseases reveals novel single-disease and cross-phenotype associations.,Rheumatoid arthritis (ACPA-positive);Rheumatoid arthritis;Systemic seropositive rheumatic diseases (Systemic sclerosis or systemic lupus erythematosus or rheumatoid arthritis or idiopathic inflammatory myopathies);Rheumatoid arthritis;Rheumatoid arthritis;Autoimmune traits (pleiotropy),3,58197909,A,G,0.173953307123437,1.19,DNASE1L3,ENSG00000163687,deoxyribonuclease 1L3 
rs3778753,www.ncbi.nlm.nih.gov/pubmed/30423114,Genetic Influences on Susceptibility to Rheumatoid Arthritis in African-Americans.,Rheumatoid arthritis,7,128939988,G,A,0.113328685307003,1.12,IRF5,ENSG00000128604,interferon regulatory factor 5 
rs3783782,www.ncbi.nlm.nih.gov/pubmed/30423114;www.ncbi.nlm.nih.gov/pubmed/24390342,Genetic Influences on Susceptibility to Rheumatoid Arthritis in African-Americans.;Genetics of rheumatoid arthritis contributes to biology and drug discovery.,Rheumatoid arthritis;Rheumatoid arthritis,14,61473957,A,G,0.148420005118273,1.16,PRKCH,ENSG00000027075,protein kinase C eta 
rs3806624,www.ncbi.nlm.nih.gov/pubmed/30423114;www.ncbi.nlm.nih.gov/pubmed/24390342;www.ncbi.nlm.nih.gov/pubmed/33310728,"Genetic Influences on Susceptibility to Rheumatoid Arthritis in African-Americans.;Genetics of rheumatoid arthritis contributes to biology and drug discovery.;Large-scale meta-analysis across East Asian and European populations updated genetic architecture and variant-driven biology of rheumatoid arthritis, identifying 11 novel susceptibility loci.",Rheumatoid arthritis;Rheumatoid arthritis;Rheumatoid arthritis,3,27723132,G,A,-0.083381608939051,0.92,EOMES - LINC01980,,nan
rs3824660,www.ncbi.nlm.nih.gov/pubmed/30423114;www.ncbi.nlm.nih.gov/pubmed/24390342,Genetic Influences on Susceptibility to Rheumatoid Arthritis in African-Americans.;Genetics of rheumatoid arthritis contributes to biology and drug discovery.,Rheumatoid arthritis;Rheumatoid arthritis,10,8062759,C,T,0.0769610411361284,1.08,GATA3,ENSG00000107485,GATA binding protein 3 
rs4239702,www.ncbi.nlm.nih.gov/pubmed/30423114;www.ncbi.nlm.nih.gov/pubmed/24390342,Genetic Influences on Susceptibility to Rheumatoid Arthritis in African-Americans.;Genetics of rheumatoid arthritis contributes to biology and drug discovery.,Rheumatoid arthritis;Rheumatoid arthritis,20,46120612,T,C,-0.150822889734583,0.86,CD40,ENSG00000101017,CD40 molecule 
rs4272,www.ncbi.nlm.nih.gov/pubmed/30423114;www.ncbi.nlm.nih.gov/pubmed/24390342,Genetic Influences on Susceptibility to Rheumatoid Arthritis in African-Americans.;Genetics of rheumatoid arthritis contributes to biology and drug discovery.,Rheumatoid arthritis;Rheumatoid arthritis,7,92607515,G,A,0.0953101798043249,1.1,CDK6,ENSG00000105810,cyclin dependent kinase 6 
rs4409785,www.ncbi.nlm.nih.gov/pubmed/30423114;www.ncbi.nlm.nih.gov/pubmed/24390342;www.ncbi.nlm.nih.gov/pubmed/30595370;www.ncbi.nlm.nih.gov/pubmed/35470158;www.ncbi.nlm.nih.gov/pubmed/35470158;www.ncbi.nlm.nih.gov/pubmed/33310728;www.ncbi.nlm.nih.gov/pubmed/36333501;www.ncbi.nlm.nih.gov/pubmed/36333501,"Genetic Influences on Susceptibility to Rheumatoid Arthritis in African-Americans.;Genetics of rheumatoid arthritis contributes to biology and drug discovery.;Leveraging Polygenic Functional Enrichment to Improve GWAS Power.;Multiomics analysis of rheumatoid arthritis yields sequence variants that have large effects on risk of the seropositive subset.;Multiomics analysis of rheumatoid arthritis yields sequence variants that have large effects on risk of the seropositive subset.;Large-scale meta-analysis across East Asian and European populations updated genetic architecture and variant-driven biology of rheumatoid arthritis, identifying 11 novel susceptibility loci.;Multi-ancestry genome-wide association analyses identify novel genetic mechanisms in rheumatoid arthritis.;Multi-ancestry genome-wide association analyses identify novel genetic mechanisms in rheumatoid arthritis.",Rheumatoid arthritis;Rheumatoid arthritis;Autoimmune traits;Rheumatoid arthritis;Rheumatoid arthritis (rheumatoid factor and/or anti-cyclic citrullinated peptide seropositive);Rheumatoid arthritis;Rheumatoid arthritis;Rheumatoid arthritis (rheumatoid factor and/or anti-cyclic citrullinated peptide seropositive),11,95578258,C,T,0.104360015324242,1.11,LNCRNA-IUR - FAM76B,,nan
rs4452313,www.ncbi.nlm.nih.gov/pubmed/30423114;www.ncbi.nlm.nih.gov/pubmed/24390342,Genetic Influences on Susceptibility to Rheumatoid Arthritis in African-Americans.;Genetics of rheumatoid arthritis contributes to biology and drug discovery.,Rheumatoid arthritis;Rheumatoid arthritis,3,17005540,T,A,0.0861776962410524,1.09,PLCL2,ENSG00000154822,phospholipase C like 2 
rs4780401,www.ncbi.nlm.nih.gov/pubmed/30423114;www.ncbi.nlm.nih.gov/pubmed/24390342,Genetic Influences on Susceptibility to Rheumatoid Arthritis in African-Americans.;Genetics of rheumatoid arthritis contributes to biology and drug discovery.,Rheumatoid arthritis;Rheumatoid arthritis,16,11745470,G,T,0.0676586484738148,1.07,TXNDC11-AS1,ENSG00000262420,TXNDC11 antisense RNA 1 
rs595158,www.ncbi.nlm.nih.gov/pubmed/23143596;www.ncbi.nlm.nih.gov/pubmed/23143596;www.ncbi.nlm.nih.gov/pubmed/24532676,High-density genetic mapping identifies new susceptibility loci for rheumatoid arthritis.;High-density genetic mapping identifies new susceptibility loci for rheumatoid arthritis.;High-density genotyping of immune loci in Koreans and Europeans identifies eight new rheumatoid arthritis risk loci.,Rheumatoid arthritis (ACPA-positive);Rheumatoid arthritis;Rheumatoid arthritis (ACPA-positive),11,61142109,C,A,0.0861776962410524,1.09,VPS37C,ENSG00000167987,VPS37C subunit of ESCRT-I 
rs629326,www.ncbi.nlm.nih.gov/pubmed/23143596;www.ncbi.nlm.nih.gov/pubmed/23143596,High-density genetic mapping identifies new susceptibility loci for rheumatoid arthritis.;High-density genetic mapping identifies new susceptibility loci for rheumatoid arthritis.,Rheumatoid arthritis (ACPA-positive);Rheumatoid arthritis (ACPA-positive),6,159075681,G,T,-0.105360515657826,0.9,"TAGAP, TAGAP-AS1",ENSG00000164691,T cell activation RhoGTPase activating protein 
rs6479800,www.ncbi.nlm.nih.gov/pubmed/30423114;www.ncbi.nlm.nih.gov/pubmed/24390342,Genetic Influences on Susceptibility to Rheumatoid Arthritis in African-Americans.;Genetics of rheumatoid arthritis contributes to biology and drug discovery.,Rheumatoid arthritis;Rheumatoid arthritis,10,62277122,C,G,0.104360015324242,1.11,RTKN2 - LINC02621,,nan
rs6679677,www.ncbi.nlm.nih.gov/pubmed/23603761;www.ncbi.nlm.nih.gov/pubmed/18794853;www.ncbi.nlm.nih.gov/pubmed/17554300;www.ncbi.nlm.nih.gov/pubmed/26546613;www.ncbi.nlm.nih.gov/pubmed/30573655;www.ncbi.nlm.nih.gov/pubmed/33686288;www.ncbi.nlm.nih.gov/pubmed/35470158;www.ncbi.nlm.nih.gov/pubmed/35470158;www.ncbi.nlm.nih.gov/pubmed/37377963;www.ncbi.nlm.nih.gov/pubmed/37377963;www.ncbi.nlm.nih.gov/pubmed/40262193;www.ncbi.nlm.nih.gov/pubmed/33310728;www.ncbi.nlm.nih.gov/pubmed/33106285;www.ncbi.nlm.nih.gov/pubmed/35347896;www.ncbi.nlm.nih.gov/pubmed/37947095,"Dense genotyping of immune-related disease regions identifies 14 new susceptibility loci for juvenile idiopathic arthritis.;Common variants at CD40 and other loci confer risk of rheumatoid arthritis.;Genome-wide association study of 14,000 cases of seven common diseases and 3,000 shared controls.;Functional implications of disease-specific variants in loci jointly associated with coeliac disease and rheumatoid arthritis.;Genome-wide meta-analysis reveals shared new loci in systemic seropositive rheumatic diseases.;Identifying loci with different allele frequencies among cases of eight psychiatric disorders using CC-GWAS.;Multiomics analysis of rheumatoid arthritis yields sequence variants that have large effects on risk of the seropositive subset.;Multiomics analysis of rheumatoid arthritis yields sequence variants that have large effects on risk of the seropositive subset.;Identifying shared genetic loci and common risk genes of rheumatoid arthritis associated with three autoimmune diseases based on large-scale cross-trait genome-wide association studies.;Identifying shared genetic loci and common risk genes of rheumatoid arthritis associated with three autoimmune diseases based on large-scale cross-trait genome-wide association studies.;The phenotypic and genetic association between endometriosis and immunological diseases.;Large-scale meta-analysis across East Asian and European populations updated genetic architecture and variant-driven biology of rheumatoid arthritis, identifying 11 novel susceptibility loci.;Combined genetic analysis of juvenile idiopathic arthritis clinical subtypes identifies novel risk loci, target genes and key regulatory mechanisms.;Identification of Novel Loci Shared by Juvenile Idiopathic Arthritis Subtypes through Integrative Genetic Analysis.;Genome-Wide Assessment of Shared Genetic Architecture Between Rheumatoid Arthritis and Cardiovascular Diseases.",Juvenile idiopathic arthritis (oligoarticular or rheumatoid factor-negative polyarticular);Rheumatoid arthritis;Rheumatoid arthritis;Celiac disease and Rheumatoid arthritis;Systemic seropositive rheumatic diseases (Systemic sclerosis or systemic lupus erythematosus or rheumatoid arthritis or idiopathic inflammatory myopathies);Ulcerative colitis vs rheumatoid arthritis (ordinary least squares (OLS));Rheumatoid arthritis (rheumatoid factor and/or anti-cyclic citrullinated peptide seropositive);Rheumatoid arthritis;Rheumatoid arthritis or inflammatory bowel disease;Rheumatoid arthritis or multiple sclerosis;Rheumatoid arthritis (MTAG);Rheumatoid arthritis;Arthritis (juvenile idiopathic);Arthritis (juvenile idiopathic);Rheumatoid arthritis,1,113761186,A,C,0.683096844706443,1.98,PHTF1 - RSBN1,,nan
rs6715284,www.ncbi.nlm.nih.gov/pubmed/30423114;www.ncbi.nlm.nih.gov/pubmed/30423114;www.ncbi.nlm.nih.gov/pubmed/24390342;www.ncbi.nlm.nih.gov/pubmed/24390342,Genetic Influences on Susceptibility to Rheumatoid Arthritis in African-Americans.;Genetic Influences on Susceptibility to Rheumatoid Arthritis in African-Americans.;Genetics of rheumatoid arthritis contributes to biology and drug discovery.;Genetics of rheumatoid arthritis contributes to biology and drug discovery.,Rheumatoid arthritis;Rheumatoid arthritis;Rheumatoid arthritis;Rheumatoid arthritis,2,201289674,G,C,0.131028262406404,1.14,"FLACC1, CASP8",ENSG00000155749,flagellum associated containing coiled-coil domains 1 
rs67250450,www.ncbi.nlm.nih.gov/pubmed/30423114;www.ncbi.nlm.nih.gov/pubmed/24390342,Genetic Influences on Susceptibility to Rheumatoid Arthritis in African-Americans.;Genetics of rheumatoid arthritis contributes to biology and drug discovery.,Rheumatoid arthritis;Rheumatoid arthritis,7,28135367,C,T,0.0861776962410524,1.09,JAZF1,ENSG00000153814,JAZF zinc finger 1 
rs6732565,www.ncbi.nlm.nih.gov/pubmed/30423114;www.ncbi.nlm.nih.gov/pubmed/24390342,Genetic Influences on Susceptibility to Rheumatoid Arthritis in African-Americans.;Genetics of rheumatoid arthritis contributes to biology and drug discovery.,Rheumatoid arthritis;Rheumatoid arthritis,2,110850255,G,A,0.0769610411361284,1.08,ACOXL,ENSG00000153093,acyl-CoA oxidase like 
rs678347,www.ncbi.nlm.nih.gov/pubmed/30423114;www.ncbi.nlm.nih.gov/pubmed/24390342,Genetic Influences on Susceptibility to Rheumatoid Arthritis in African-Americans.;Genetics of rheumatoid arthritis contributes to biology and drug discovery.,Rheumatoid arthritis;Rheumatoid arthritis,8,101451374,G,A,0.0769610411361284,1.08,RN7SL563P - GRHL2-DT,,nan
rs6859219,www.ncbi.nlm.nih.gov/pubmed/37377963;www.ncbi.nlm.nih.gov/pubmed/20453842,Identifying shared genetic loci and common risk genes of rheumatoid arthritis associated with three autoimmune diseases based on large-scale cross-trait genome-wide association studies.;Genome-wide association study meta-analysis identifies seven new rheumatoid arthritis risk loci.,Rheumatoid arthritis or type 1 diabetes;Rheumatoid arthritis,5,56142753,A,C,-0.248461359298499,0.78,ANKRD55,ENSG00000164512,ankyrin repeat domain 55 
rs71508903,www.ncbi.nlm.nih.gov/pubmed/30423114;www.ncbi.nlm.nih.gov/pubmed/24390342;www.ncbi.nlm.nih.gov/pubmed/30595370;www.ncbi.nlm.nih.gov/pubmed/32723749;www.ncbi.nlm.nih.gov/pubmed/35470158;www.ncbi.nlm.nih.gov/pubmed/35470158;www.ncbi.nlm.nih.gov/pubmed/33310728;www.ncbi.nlm.nih.gov/pubmed/34594039,"Genetic Influences on Susceptibility to Rheumatoid Arthritis in African-Americans.;Genetics of rheumatoid arthritis contributes to biology and drug discovery.;Leveraging Polygenic Functional Enrichment to Improve GWAS Power.;Genome-wide association study in a Korean population identifies six novel susceptibility loci for rheumatoid arthritis.;Multiomics analysis of rheumatoid arthritis yields sequence variants that have large effects on risk of the seropositive subset.;Multiomics analysis of rheumatoid arthritis yields sequence variants that have large effects on risk of the seropositive subset.;Large-scale meta-analysis across East Asian and European populations updated genetic architecture and variant-driven biology of rheumatoid arthritis, identifying 11 novel susceptibility loci.;A cross-population atlas of genetic associations for 220 human phenotypes.",Rheumatoid arthritis;Rheumatoid arthritis;Autoimmune traits;Rheumatoid arthritis;Rheumatoid arthritis (rheumatoid factor and/or anti-cyclic citrullinated peptide seropositive);Rheumatoid arthritis;Rheumatoid arthritis;Rheumatoid arthritis,10,62020112,T,C,0.157003748809664,1.17,ARID5B,ENSG00000150347,AT-rich interaction domain 5B 
rs72634030,www.ncbi.nlm.nih.gov/pubmed/30423114;www.ncbi.nlm.nih.gov/pubmed/30423114;www.ncbi.nlm.nih.gov/pubmed/24390342;www.ncbi.nlm.nih.gov/pubmed/24390342,Genetic Influences on Susceptibility to Rheumatoid Arthritis in African-Americans.;Genetic Influences on Susceptibility to Rheumatoid Arthritis in African-Americans.;Genetics of rheumatoid arthritis contributes to biology and drug discovery.;Genetics of rheumatoid arthritis contributes to biology and drug discovery.,Rheumatoid arthritis;Rheumatoid arthritis;Rheumatoid arthritis;Rheumatoid arthritis,17,5369285,A,C,0.113328685307003,1.12,"RABEP1, NUP88",ENSG00000029725,"rabaptin, RAB GTPase binding effector protein 1 "
rs73013527,www.ncbi.nlm.nih.gov/pubmed/30423114;www.ncbi.nlm.nih.gov/pubmed/24390342;www.ncbi.nlm.nih.gov/pubmed/35470158;www.ncbi.nlm.nih.gov/pubmed/35470158;www.ncbi.nlm.nih.gov/pubmed/33310728,"Genetic Influences on Susceptibility to Rheumatoid Arthritis in African-Americans.;Genetics of rheumatoid arthritis contributes to biology and drug discovery.;Multiomics analysis of rheumatoid arthritis yields sequence variants that have large effects on risk of the seropositive subset.;Multiomics analysis of rheumatoid arthritis yields sequence variants that have large effects on risk of the seropositive subset.;Large-scale meta-analysis across East Asian and European populations updated genetic architecture and variant-driven biology of rheumatoid arthritis, identifying 11 novel susceptibility loci.",Rheumatoid arthritis;Rheumatoid arthritis;Rheumatoid arthritis;Rheumatoid arthritis (rheumatoid factor and/or anti-cyclic citrullinated peptide seropositive);Rheumatoid arthritis,11,128627057,C,T,-0.0943106794712412,0.91,ETS1 - FLI1,,nan
rs73081554,www.ncbi.nlm.nih.gov/pubmed/30423114;www.ncbi.nlm.nih.gov/pubmed/30423114;www.ncbi.nlm.nih.gov/pubmed/24390342;www.ncbi.nlm.nih.gov/pubmed/24390342;www.ncbi.nlm.nih.gov/pubmed/24532676;www.ncbi.nlm.nih.gov/pubmed/24532676,Genetic Influences on Susceptibility to Rheumatoid Arthritis in African-Americans.;Genetic Influences on Susceptibility to Rheumatoid Arthritis in African-Americans.;Genetics of rheumatoid arthritis contributes to biology and drug discovery.;Genetics of rheumatoid arthritis contributes to biology and drug discovery.;High-density genotyping of immune loci in Koreans and Europeans identifies eight new rheumatoid arthritis risk loci.;High-density genotyping of immune loci in Koreans and Europeans identifies eight new rheumatoid arthritis risk loci.,Rheumatoid arthritis;Rheumatoid arthritis;Rheumatoid arthritis;Rheumatoid arthritis;Rheumatoid arthritis (ACPA-positive);Rheumatoid arthritis (ACPA-positive),3,58317208,T,C,0.165514438477573,1.18,"RPP14, HTD2",ENSG00000163684,ribonuclease P/MRP subunit p14 
rs773125,www.ncbi.nlm.nih.gov/pubmed/30423114;www.ncbi.nlm.nih.gov/pubmed/24390342,Genetic Influences on Susceptibility to Rheumatoid Arthritis in African-Americans.;Genetics of rheumatoid arthritis contributes to biology and drug discovery.,Rheumatoid arthritis;Rheumatoid arthritis,12,56001170,G,A,0.0861776962410524,1.09,SUOX,ENSG00000139531,sulfite oxidase 
rs7731626,www.ncbi.nlm.nih.gov/pubmed/30423114;www.ncbi.nlm.nih.gov/pubmed/24390342;www.ncbi.nlm.nih.gov/pubmed/35470158;www.ncbi.nlm.nih.gov/pubmed/35470158;www.ncbi.nlm.nih.gov/pubmed/35470158;www.ncbi.nlm.nih.gov/pubmed/39024449;www.ncbi.nlm.nih.gov/pubmed/39024449;www.ncbi.nlm.nih.gov/pubmed/37377963;www.ncbi.nlm.nih.gov/pubmed/37377963;www.ncbi.nlm.nih.gov/pubmed/33310728;www.ncbi.nlm.nih.gov/pubmed/36333501;www.ncbi.nlm.nih.gov/pubmed/36333501;www.ncbi.nlm.nih.gov/pubmed/40262193;www.ncbi.nlm.nih.gov/pubmed/34594039;www.ncbi.nlm.nih.gov/pubmed/37002690,"Genetic Influences on Susceptibility to Rheumatoid Arthritis in African-Americans.;Genetics of rheumatoid arthritis contributes to biology and drug discovery.;Multiomics analysis of rheumatoid arthritis yields sequence variants that have large effects on risk of the seropositive subset.;Multiomics analysis of rheumatoid arthritis yields sequence variants that have large effects on risk of the seropositive subset.;Multiomics analysis of rheumatoid arthritis yields sequence variants that have large effects on risk of the seropositive subset.;Diversity and scale: Genetic architecture of 2068 traits in the VA Million Veteran Program.;Diversity and scale: Genetic architecture of 2068 traits in the VA Million Veteran Program.;Identifying shared genetic loci and common risk genes of rheumatoid arthritis associated with three autoimmune diseases based on large-scale cross-trait genome-wide association studies.;Identifying shared genetic loci and common risk genes of rheumatoid arthritis associated with three autoimmune diseases based on large-scale cross-trait genome-wide association studies.;Large-scale meta-analysis across East Asian and European populations updated genetic architecture and variant-driven biology of rheumatoid arthritis, identifying 11 novel susceptibility loci.;Multi-ancestry genome-wide association analyses identify novel genetic mechanisms in rheumatoid arthritis.;Multi-ancestry genome-wide association analyses identify novel genetic mechanisms in rheumatoid arthritis.;The phenotypic and genetic association between endometriosis and immunological diseases.;A cross-population atlas of genetic associations for 220 human phenotypes.;Genetic Associations Between Stress-Related Disorders and Autoimmune Disease.",Rheumatoid arthritis;Rheumatoid arthritis;Rheumatoid arthritis (rheumatoid factor and/or anti-cyclic citrullinated peptide seropositive);Rheumatoid arthritis;Rheumatoid arthritis (rheumatoid factor and anti-cyclic citrullinated peptide seronegative);Rheumatoid arthritis and other inflammatory (PheCode 714);Rheumatoid arthritis (PheCode 714.1);Rheumatoid arthritis or inflammatory bowel disease;Rheumatoid arthritis or multiple sclerosis;Rheumatoid arthritis;Rheumatoid arthritis;Rheumatoid arthritis (rheumatoid factor and/or anti-cyclic citrullinated peptide seropositive);Rheumatoid arthritis (MTAG);Rheumatoid arthritis;Rheumatoid arthritis,5,56148856,A,G,0.190620359608649,1.21,ANKRD55,ENSG00000164512,ankyrin repeat domain 55 
rs793108,www.ncbi.nlm.nih.gov/pubmed/30423114;www.ncbi.nlm.nih.gov/pubmed/24390342,Genetic Influences on Susceptibility to Rheumatoid Arthritis in African-Americans.;Genetics of rheumatoid arthritis contributes to biology and drug discovery.,Rheumatoid arthritis;Rheumatoid arthritis,10,31126177,T,C,0.0676586484738148,1.07,LINC02664,ENSG00000272381,long intergenic non-protein coding RNA 2664 
rs8026898,www.ncbi.nlm.nih.gov/pubmed/23143596;www.ncbi.nlm.nih.gov/pubmed/23143596;www.ncbi.nlm.nih.gov/pubmed/30423114;www.ncbi.nlm.nih.gov/pubmed/24390342;www.ncbi.nlm.nih.gov/pubmed/24532676;www.ncbi.nlm.nih.gov/pubmed/36333501;www.ncbi.nlm.nih.gov/pubmed/36333501,High-density genetic mapping identifies new susceptibility loci for rheumatoid arthritis.;High-density genetic mapping identifies new susceptibility loci for rheumatoid arthritis.;Genetic Influences on Susceptibility to Rheumatoid Arthritis in African-Americans.;Genetics of rheumatoid arthritis contributes to biology and drug discovery.;High-density genotyping of immune loci in Koreans and Europeans identifies eight new rheumatoid arthritis risk loci.;Multi-ancestry genome-wide association analyses identify novel genetic mechanisms in rheumatoid arthritis.;Multi-ancestry genome-wide association analyses identify novel genetic mechanisms in rheumatoid arthritis.,Rheumatoid arthritis;Rheumatoid arthritis (ACPA-positive);Rheumatoid arthritis;Rheumatoid arthritis;Rheumatoid arthritis (ACPA-positive);Rheumatoid arthritis (rheumatoid factor and/or anti-cyclic citrullinated peptide seropositive);Rheumatoid arthritis,15,69699078,A,G,0.148420005118273,1.16,DRAIC,ENSG00000245750,"downregulated RNA in cancer, inhibitor of cell invasion and migration "
rs8032939,www.ncbi.nlm.nih.gov/pubmed/30423114;www.ncbi.nlm.nih.gov/pubmed/24390342;www.ncbi.nlm.nih.gov/pubmed/24532676;www.ncbi.nlm.nih.gov/pubmed/32723749;www.ncbi.nlm.nih.gov/pubmed/35470158;www.ncbi.nlm.nih.gov/pubmed/35470158;www.ncbi.nlm.nih.gov/pubmed/33310728,"Genetic Influences on Susceptibility to Rheumatoid Arthritis in African-Americans.;Genetics of rheumatoid arthritis contributes to biology and drug discovery.;High-density genotyping of immune loci in Koreans and Europeans identifies eight new rheumatoid arthritis risk loci.;Genome-wide association study in a Korean population identifies six novel susceptibility loci for rheumatoid arthritis.;Multiomics analysis of rheumatoid arthritis yields sequence variants that have large effects on risk of the seropositive subset.;Multiomics analysis of rheumatoid arthritis yields sequence variants that have large effects on risk of the seropositive subset.;Large-scale meta-analysis across East Asian and European populations updated genetic architecture and variant-driven biology of rheumatoid arthritis, identifying 11 novel susceptibility loci.",Rheumatoid arthritis;Rheumatoid arthritis;Rheumatoid arthritis (ACPA-positive);Rheumatoid arthritis;Rheumatoid arthritis;Rheumatoid arthritis (rheumatoid factor and/or anti-cyclic citrullinated peptide seropositive);Rheumatoid arthritis,15,38541832,C,T,0.157003748809664,1.17,RASGRP1,ENSG00000172575,RAS guanyl releasing protein 1 
rs8083786,www.ncbi.nlm.nih.gov/pubmed/30423114;www.ncbi.nlm.nih.gov/pubmed/24390342,Genetic Influences on Susceptibility to Rheumatoid Arthritis in African-Americans.;Genetics of rheumatoid arthritis contributes to biology and drug discovery.,Rheumatoid arthritis;Rheumatoid arthritis,18,12881362,G,A,0.131028262406404,1.14,PTPN2,ENSG00000175354,protein tyrosine phosphatase non-receptor type 2 
rs8133843,www.ncbi.nlm.nih.gov/pubmed/30423114;www.ncbi.nlm.nih.gov/pubmed/24390342;www.ncbi.nlm.nih.gov/pubmed/35470158;www.ncbi.nlm.nih.gov/pubmed/33310728,"Genetic Influences on Susceptibility to Rheumatoid Arthritis in African-Americans.;Genetics of rheumatoid arthritis contributes to biology and drug discovery.;Multiomics analysis of rheumatoid arthritis yields sequence variants that have large effects on risk of the seropositive subset.;Large-scale meta-analysis across East Asian and European populations updated genetic architecture and variant-driven biology of rheumatoid arthritis, identifying 11 novel susceptibility loci.",Rheumatoid arthritis;Rheumatoid arthritis;Rheumatoid arthritis;Rheumatoid arthritis,21,35365944,G,A,-0.105360515657826,0.9,RUNX1,ENSG00000159216,RUNX family transcription factor 1 
rs909685,www.ncbi.nlm.nih.gov/pubmed/30423114;www.ncbi.nlm.nih.gov/pubmed/24390342;www.ncbi.nlm.nih.gov/pubmed/24532676,Genetic Influences on Susceptibility to Rheumatoid Arthritis in African-Americans.;Genetics of rheumatoid arthritis contributes to biology and drug discovery.;High-density genotyping of immune loci in Koreans and Europeans identifies eight new rheumatoid arthritis risk loci.,Rheumatoid arthritis;Rheumatoid arthritis;Rheumatoid arthritis (ACPA-positive),22,39351666,T,A,-0.116533816255951,0.89,SYNGR1,ENSG00000100321,synaptogyrin 1 
rs934734,www.ncbi.nlm.nih.gov/pubmed/24782177;www.ncbi.nlm.nih.gov/pubmed/20453842,Novel risk loci for rheumatoid arthritis in Han Chinese and congruence with risk variants in Europeans.;Genome-wide association study meta-analysis identifies seven new rheumatoid arthritis risk loci.,Rheumatoid arthritis;Rheumatoid arthritis,2,65368452,A,G,-0.127833371509884,0.88,SPRED2,ENSG00000198369,sprouty related EVH1 domain containing 2 
rs9372120,www.ncbi.nlm.nih.gov/pubmed/30423114;www.ncbi.nlm.nih.gov/pubmed/24390342,Genetic Influences on Susceptibility to Rheumatoid Arthritis in African-Americans.;Genetics of rheumatoid arthritis contributes to biology and drug discovery.,Rheumatoid arthritis;Rheumatoid arthritis,6,106219660,G,T,0.0953101798043249,1.1,ATG5,ENSG00000057663,autophagy related 5 
rs9378815,www.ncbi.nlm.nih.gov/pubmed/30423114;www.ncbi.nlm.nih.gov/pubmed/24390342,Genetic Influences on Susceptibility to Rheumatoid Arthritis in African-Americans.;Genetics of rheumatoid arthritis contributes to biology and drug discovery.,Rheumatoid arthritis;Rheumatoid arthritis,6,426155,G,C,0.0953101798043249,1.1,IRF4 - EXOC2,,nan
rs947474,www.ncbi.nlm.nih.gov/pubmed/30423114;www.ncbi.nlm.nih.gov/pubmed/24390342;www.ncbi.nlm.nih.gov/pubmed/26546613;www.ncbi.nlm.nih.gov/pubmed/24532676;www.ncbi.nlm.nih.gov/pubmed/30572963;www.ncbi.nlm.nih.gov/pubmed/36333501;www.ncbi.nlm.nih.gov/pubmed/30572963,Genetic Influences on Susceptibility to Rheumatoid Arthritis in African-Americans.;Genetics of rheumatoid arthritis contributes to biology and drug discovery.;Functional implications of disease-specific variants in loci jointly associated with coeliac disease and rheumatoid arthritis.;High-density genotyping of immune loci in Koreans and Europeans identifies eight new rheumatoid arthritis risk loci.;Meta-analysis of Immunochip data of four autoimmune diseases reveals novel single-disease and cross-phenotype associations.;Multi-ancestry genome-wide association analyses identify novel genetic mechanisms in rheumatoid arthritis.;Meta-analysis of Immunochip data of four autoimmune diseases reveals novel single-disease and cross-phenotype associations.,Rheumatoid arthritis;Rheumatoid arthritis;Celiac disease and Rheumatoid arthritis;Rheumatoid arthritis (ACPA-positive);Rheumatoid arthritis;Rheumatoid arthritis;Autoimmune traits (pleiotropy),10,6348488,G,A,0.104360015324242,1.11,LINC02649,ENSG00000215244,long intergenic non-protein coding RNA 2649 
rs951005,www.ncbi.nlm.nih.gov/pubmed/20453842,Genome-wide association study meta-analysis identifies seven new rheumatoid arthritis risk loci.,Rheumatoid arthritis,9,34743684,G,A,-0.174353387144777,0.84,SPATA31F1 - SPATA31F2P,,nan
rs9603616,www.ncbi.nlm.nih.gov/pubmed/30423114;www.ncbi.nlm.nih.gov/pubmed/24390342,Genetic Influences on Susceptibility to Rheumatoid Arthritis in African-Americans.;Genetics of rheumatoid arthritis contributes to biology and drug discovery.,Rheumatoid arthritis;Rheumatoid arthritis,13,39793932,T,C,0.104360015324242,1.11,COG6 - CDKN2AIPNLP3,,nan
rs968567,www.ncbi.nlm.nih.gov/pubmed/30423114;www.ncbi.nlm.nih.gov/pubmed/30423114;www.ncbi.nlm.nih.gov/pubmed/24390342;www.ncbi.nlm.nih.gov/pubmed/24390342;www.ncbi.nlm.nih.gov/pubmed/39789286;www.ncbi.nlm.nih.gov/pubmed/39789286,Genetic Influences on Susceptibility to Rheumatoid Arthritis in African-Americans.;Genetic Influences on Susceptibility to Rheumatoid Arthritis in African-Americans.;Genetics of rheumatoid arthritis contributes to biology and drug discovery.;Genetics of rheumatoid arthritis contributes to biology and drug discovery.;A scalable variational inference approach for increased mixed-model association power.;A scalable variational inference approach for increased mixed-model association power.,Rheumatoid arthritis;Rheumatoid arthritis;Rheumatoid arthritis;Rheumatoid arthritis;IL5RA protein levels;IL5RA protein levels,11,61828092,T,C,0.104360015324242,1.11,"FADS2, FADS1",ENSG00000134824,fatty acid desaturase 2 
rs9826828,www.ncbi.nlm.nih.gov/pubmed/30423114;www.ncbi.nlm.nih.gov/pubmed/24390342,Genetic Influences on Susceptibility to Rheumatoid Arthritis in African-Americans.;Genetics of rheumatoid arthritis contributes to biology and drug discovery.,Rheumatoid arthritis;Rheumatoid arthritis,3,136683218,A,G,0.350656871613169,1.42,STAG1,ENSG00000118007,STAG1 cohesin complex component 
rs998731,www.ncbi.nlm.nih.gov/pubmed/30423114;www.ncbi.nlm.nih.gov/pubmed/24390342,Genetic Influences on Susceptibility to Rheumatoid Arthritis in African-Americans.;Genetics of rheumatoid arthritis contributes to biology and drug discovery.,Rheumatoid arthritis;Rheumatoid arthritis,8,80183160,T,C,-0.0725706928348353,0.93,TPD52,ENSG00000076554,tumor protein D52 
